{
    "molssi_bse_magic": 1,
    "basisSetDescription": "Def2-ECP",
    "basisSetReferences": [
        "metz2000b"
    ],
    "basisSetElements": {
        "81": {
            "elementECPElectrons": 60,
            "elementECP": [
                {
                    "potentialECPType": "scalar",
                    "potentialAngularMomentum": [
                        3
                    ],
                    "potentialRExponents": [
                        2,
                        2,
                        2,
                        2
                    ],
                    "potentialGaussianExponents": [
                        "5.62639900",
                        "5.54895200",
                        "2.87494600",
                        "2.82145100"
                    ],
                    "potentialCoefficients": [
                        [
                            "15.82548800",
                            "21.10402100",
                            "2.91512700",
                            "3.89690300"
                        ]
                    ]
                },
                {
                    "potentialECPType": "scalar",
                    "potentialAngularMomentum": [
                        0
                    ],
                    "potentialRExponents": [
                        2,
                        2,
                        2,
                        2,
                        2,
                        2
                    ],
                    "potentialGaussianExponents": [
                        "12.16780500",
                        "8.29490900",
                        "5.62639900",
                        "5.54895200",
                        "2.87494600",
                        "2.82145100"
                    ],
                    "potentialCoefficients": [
                        [
                            "281.28466300",
                            "62.43425100",
                            "-15.82548800",
                            "-21.10402100",
                            "-2.91512700",
                            "-3.89690300"
                        ]
                    ]
                },
                {
                    "potentialECPType": "scalar",
                    "potentialAngularMomentum": [
                        1
                    ],
                    "potentialRExponents": [
                        2,
                        2,
                        2,
                        2,
                        2,
                        2,
                        2,
                        2
                    ],
                    "potentialGaussianExponents": [
                        "7.15149200",
                        "5.17286500",
                        "9.89107200",
                        "9.00339100",
                        "5.62639900",
                        "5.54895200",
                        "2.87494600",
                        "2.82145100"
                    ],
                    "potentialCoefficients": [
                        [
                            "4.63340800",
                            "9.34175600",
                            "72.29925300",
                            "144.55803700",
                            "-15.82548800",
                            "-21.10402100",
                            "-2.91512700",
                            "-3.89690300"
                        ]
                    ]
                },
                {
                    "potentialECPType": "scalar",
                    "potentialAngularMomentum": [
                        2
                    ],
                    "potentialRExponents": [
                        2,
                        2,
                        2,
                        2,
                        2,
                        2,
                        2,
                        2
                    ],
                    "potentialGaussianExponents": [
                        "7.13021800",
                        "6.92690600",
                        "5.41757000",
                        "5.13868100",
                        "5.62639900",
                        "5.54895200",
                        "2.87494600",
                        "2.82145100"
                    ],
                    "potentialCoefficients": [
                        [
                            "35.94303900",
                            "53.90959300",
                            "10.38193900",
                            "15.58382200",
                            "-15.82548800",
                            "-21.10402100",
                            "-2.91512700",
                            "-3.89690300"
                        ]
                    ]
                }
            ]
        }
    }
}
